Gene Name,Sample Name,CDS Mutation,AA Mutation,,Row Labels,Count of Gene Name
ALK,2935522,c.3521T>G,p.F1174C,,ALK,12
ALK,2935523,c.3522C>A,p.F1174L,,ALK_ENST00000618119,12
ALK,2935536,c.3824G>A,p.R1275Q,,ALK_ENST00000642122,8
ALK,2935513,c.2443G>A,p.A815T,,ATRX,5
ALK,2935538,c.3824G>A,p.R1275Q,,ATRX_ENST00000395603,5
ALK,2935537,c.3374_3375delinsAA,p.G1125E,,BARD1,4
ALK,2935513,c.2672G>A,p.W891*,,BARD1_ENST00000613192,4
ALK,2935507,c.3824G>A,p.R1275Q,,BARD1_ENST00000613374,4
ALK,2935543,c.3522C>A,p.F1174L,,BARD1_ENST00000613706,4
ALK,2935513,c.1202G>A,p.R401Q,,BARD1_ENST00000617164,4
ALK,2935542,c.3522C>A,p.F1174L,,BARD1_ENST00000619009,4
ALK,2935539,c.2431G>A,p.V811M,,BARD1_ENST00000620057,4
ALK_ENST00000618119,2935523,c.2391C>A,p.F797L,,BRCA2,2
ALK_ENST00000618119,2935542,c.2391C>A,p.F797L,,BRCA2_ENST00000544455,2
ALK_ENST00000618119,2935539,c.1300G>A,p.V434M,,PHOX2B,1
ALK_ENST00000618119,2935513,c.71G>A,p.R24Q,,PTPN11,1
ALK_ENST00000618119,2935536,c.2693G>A,p.R898Q,,PTPN11_ENST00000351677,1
ALK_ENST00000618119,2935513,c.1312G>A,p.A438T,,Grand Total,77
ALK_ENST00000618119,2935513,c.1541G>A,p.W514*,,,
ALK_ENST00000618119,2935538,c.2693G>A,p.R898Q,,,
ALK_ENST00000618119,2935507,c.2693G>A,p.R898Q,,,
ALK_ENST00000618119,2935543,c.2391C>A,p.F797L,,,
ALK_ENST00000618119,2935537,c.2243_2244delinsAA,p.G748E,,,
ALK_ENST00000618119,2935522,c.2390T>G,p.F797C,,,
ALK_ENST00000642122,2935542,c.318C>A,p.F106L,,,
ALK_ENST00000642122,2935543,c.318C>A,p.F106L,,,
ALK_ENST00000642122,2935536,c.620G>A,p.R207Q,,,
ALK_ENST00000642122,2935522,c.317T>G,p.F106C,,,
ALK_ENST00000642122,2935507,c.620G>A,p.R207Q,,,
ALK_ENST00000642122,2935523,c.318C>A,p.F106L,,,
ALK_ENST00000642122,2935537,c.170_171delinsAA,p.G57E,,,
ALK_ENST00000642122,2935538,c.620G>A,p.R207Q,,,
ATRX,2935542,c.1989del,p.L664*,,,
ATRX,2935512,c.3345T>A,p.Y1115*,,,
ATRX,2935513,c.7462C>T,p.Q2488*,,,
ATRX,2935513,c.1948G>A,p.E650K,,,
ATRX,2935538,c.3646A>G,p.I1216V,,,
ATRX_ENST00000395603,2935513,c.7348C>T,p.Q2450*,,,
ATRX_ENST00000395603,2935513,c.1834G>A,p.E612K,,,
ATRX_ENST00000395603,2935512,c.3231T>A,p.Y1077*,,,
ATRX_ENST00000395603,2935542,c.1875del,p.L626*,,,
ATRX_ENST00000395603,2935538,c.3532A>G,p.I1178V,,,
BARD1,2935532,c.35C>T,p.P12L,,,
BARD1,2935509,c.29G>A,p.R10Q,,,
BARD1,2935519,c.34C>T,p.P12S,,,
BARD1,2935531,c.34C>T,p.P12S,,,
BARD1_ENST00000613192,2935509,c.-57G>A,p.?,,,
BARD1_ENST00000613192,2935532,c.-51C>T,p.?,,,
BARD1_ENST00000613192,2935519,c.-52C>T,p.?,,,
BARD1_ENST00000613192,2935531,c.-52C>T,p.?,,,
BARD1_ENST00000613374,2935509,c.29G>A,p.R10Q,,,
BARD1_ENST00000613374,2935532,c.35C>T,p.P12L,,,
BARD1_ENST00000613374,2935531,c.34C>T,p.P12S,,,
BARD1_ENST00000613374,2935519,c.34C>T,p.P12S,,,
BARD1_ENST00000613706,2935509,c.29G>A,p.R10Q,,,
BARD1_ENST00000613706,2935532,c.35C>T,p.P12L,,,
BARD1_ENST00000613706,2935519,c.34C>T,p.P12S,,,
BARD1_ENST00000613706,2935531,c.34C>T,p.P12S,,,
BARD1_ENST00000617164,2935532,c.35C>T,p.P12L,,,
BARD1_ENST00000617164,2935519,c.34C>T,p.P12S,,,
BARD1_ENST00000617164,2935531,c.34C>T,p.P12S,,,
BARD1_ENST00000617164,2935509,c.29G>A,p.R10Q,,,
BARD1_ENST00000619009,2935531,c.34C>T,p.P12S,,,
BARD1_ENST00000619009,2935532,c.35C>T,p.P12L,,,
BARD1_ENST00000619009,2935509,c.29G>A,p.R10Q,,,
BARD1_ENST00000619009,2935519,c.34C>T,p.P12S,,,
BARD1_ENST00000620057,2935531,c.34C>T,p.P12S,,,
BARD1_ENST00000620057,2935519,c.34C>T,p.P12S,,,
BARD1_ENST00000620057,2935532,c.35C>T,p.P12L,,,
BARD1_ENST00000620057,2935509,c.29G>A,p.R10Q,,,
BRCA2,2935531,c.4109G>C,p.G1370A,,,
BRCA2,2935517,c.943T>A,p.C315S,,,
BRCA2_ENST00000544455,2935531,c.4109G>C,p.G1370A,,,
BRCA2_ENST00000544455,2935517,c.943T>A,p.C315S,,,
PHOX2B,2935508,c.456G>C,p.K152N,,,
PTPN11,2935545,c.1519G>C,p.G507R,,,
PTPN11_ENST00000351677,2935545,c.1507G>C,p.G503R,,,
